# ************************************************************
# Sequel Pro SQL dump
# Version 4529
#
# http://www.sequelpro.com/
# https://github.com/sequelpro/sequelpro
#
# Host: localhost (MySQL 5.5.16)
# Database: tracker
# Generation Time: 2016-03-07 15:18:18 +0000
# ************************************************************


/*!40101 SET @OLD_CHARACTER_SET_CLIENT=@@CHARACTER_SET_CLIENT */;
/*!40101 SET @OLD_CHARACTER_SET_RESULTS=@@CHARACTER_SET_RESULTS */;
/*!40101 SET @OLD_COLLATION_CONNECTION=@@COLLATION_CONNECTION */;
/*!40101 SET NAMES utf8 */;
/*!40014 SET @OLD_FOREIGN_KEY_CHECKS=@@FOREIGN_KEY_CHECKS, FOREIGN_KEY_CHECKS=0 */;
/*!40101 SET @OLD_SQL_MODE=@@SQL_MODE, SQL_MODE='NO_AUTO_VALUE_ON_ZERO' */;
/*!40111 SET @OLD_SQL_NOTES=@@SQL_NOTES, SQL_NOTES=0 */;


# Dump of table CALENDAR
# ------------------------------------------------------------

DROP TABLE IF EXISTS `CALENDAR`;

CREATE TABLE `CALENDAR` (
  `ID` bigint(20) NOT NULL AUTO_INCREMENT,
  `WORKOUT_ID` bigint(25) NOT NULL,
  PRIMARY KEY (`ID`),
  KEY `C_WORKOUT_FK` (`WORKOUT_ID`),
  CONSTRAINT `C_WORKOUT_FK` FOREIGN KEY (`WORKOUT_ID`) REFERENCES `WORKOUT` (`ID`)
) ENGINE=InnoDB DEFAULT CHARSET=latin1;

LOCK TABLES `CALENDAR` WRITE;
/*!40000 ALTER TABLE `CALENDAR` DISABLE KEYS */;

INSERT INTO `CALENDAR` (`ID`, `WORKOUT_ID`)
VALUES
	(1,1),
	(2,2),
	(3,3),
	(4,4);

/*!40000 ALTER TABLE `CALENDAR` ENABLE KEYS */;
UNLOCK TABLES;


# Dump of table DAY_OF_WEEK
# ------------------------------------------------------------

DROP TABLE IF EXISTS `DAY_OF_WEEK`;

CREATE TABLE `DAY_OF_WEEK` (
  `ID` bigint(20) NOT NULL AUTO_INCREMENT,
  `DAY` int(1) NOT NULL,
  `CALENDAR_ID` bigint(25) NOT NULL,
  PRIMARY KEY (`ID`),
  KEY `D_CALENDAR_FK` (`CALENDAR_ID`),
  CONSTRAINT `D_CALENDAR_FK` FOREIGN KEY (`CALENDAR_ID`) REFERENCES `CALENDAR` (`ID`)
) ENGINE=InnoDB DEFAULT CHARSET=utf8;

LOCK TABLES `DAY_OF_WEEK` WRITE;
/*!40000 ALTER TABLE `DAY_OF_WEEK` DISABLE KEYS */;

INSERT INTO `DAY_OF_WEEK` (`ID`, `DAY`, `CALENDAR_ID`)
VALUES
	(1,1,1),
	(2,3,1),
	(3,6,1),
	(4,1,2),
	(5,2,2),
	(6,2,3),
	(7,5,3),
	(8,6,3);

/*!40000 ALTER TABLE `DAY_OF_WEEK` ENABLE KEYS */;
UNLOCK TABLES;


# Dump of table EXERCISE
# ------------------------------------------------------------

DROP TABLE IF EXISTS `EXERCISE`;

CREATE TABLE `EXERCISE` (
  `ID` bigint(20) NOT NULL AUTO_INCREMENT,
  `NAME` text NOT NULL,
  `EXERCISE_TYPE_ID` bigint(20) NOT NULL,
  PRIMARY KEY (`ID`),
  KEY `E_EXERCISE_TYPE_FK` (`EXERCISE_TYPE_ID`),
  CONSTRAINT `E_EXERCISE_TYPE_FK` FOREIGN KEY (`EXERCISE_TYPE_ID`) REFERENCES `EXERCISE` (`ID`)
) ENGINE=InnoDB DEFAULT CHARSET=latin1;

LOCK TABLES `EXERCISE` WRITE;
/*!40000 ALTER TABLE `EXERCISE` DISABLE KEYS */;

INSERT INTO `EXERCISE` (`ID`, `NAME`, `EXERCISE_TYPE_ID`)
VALUES
	(1,'EXERCISE1',1),
	(2,'EXERCISE2',1),
	(3,'EXERCISE3',2),
	(4,'EXERCISE4',1),
	(5,'EXERCISE5',1);

/*!40000 ALTER TABLE `EXERCISE` ENABLE KEYS */;
UNLOCK TABLES;


# Dump of table EXERCISE_TYPE
# ------------------------------------------------------------

DROP TABLE IF EXISTS `EXERCISE_TYPE`;

CREATE TABLE `EXERCISE_TYPE` (
  `ID` bigint(20) NOT NULL AUTO_INCREMENT,
  `NAME` varchar(20) NOT NULL DEFAULT '',
  PRIMARY KEY (`ID`)
) ENGINE=InnoDB DEFAULT CHARSET=latin1;

LOCK TABLES `EXERCISE_TYPE` WRITE;
/*!40000 ALTER TABLE `EXERCISE_TYPE` DISABLE KEYS */;

INSERT INTO `EXERCISE_TYPE` (`ID`, `NAME`)
VALUES
	(1,'Reps & Weight'),
	(2,'Reps');

/*!40000 ALTER TABLE `EXERCISE_TYPE` ENABLE KEYS */;
UNLOCK TABLES;


# Dump of table PIN
# ------------------------------------------------------------

DROP TABLE IF EXISTS `PIN`;

CREATE TABLE `PIN` (
  `RAND_PIN` int(5) NOT NULL,
  `TIME_CREATED` bigint(25) NOT NULL,
  `USER_ID` bigint(25) NOT NULL,
  PRIMARY KEY (`RAND_PIN`)
) ENGINE=InnoDB DEFAULT CHARSET=latin1;



# Dump of table PROGRAM
# ------------------------------------------------------------

DROP TABLE IF EXISTS `PROGRAM`;

CREATE TABLE `PROGRAM` (
  `ID` bigint(20) NOT NULL AUTO_INCREMENT,
  `NAME` text NOT NULL,
  `ACTIVE` int(11) NOT NULL,
  `USER_ID` bigint(20) NOT NULL,
  PRIMARY KEY (`ID`),
  KEY `P_USER_FK` (`USER_ID`),
  CONSTRAINT `P_USER_FK` FOREIGN KEY (`USER_ID`) REFERENCES `USER` (`ID`) ON DELETE NO ACTION ON UPDATE NO ACTION
) ENGINE=InnoDB DEFAULT CHARSET=latin1;

LOCK TABLES `PROGRAM` WRITE;
/*!40000 ALTER TABLE `PROGRAM` DISABLE KEYS */;

INSERT INTO `PROGRAM` (`ID`, `NAME`, `ACTIVE`, `USER_ID`)
VALUES
	(1,'PROGRAM1',1,1),
	(2,'PROGRAM2',0,1),
	(3,'PROGRAM3',1,2);

/*!40000 ALTER TABLE `PROGRAM` ENABLE KEYS */;
UNLOCK TABLES;


# Dump of table USER
# ------------------------------------------------------------

DROP TABLE IF EXISTS `USER`;

CREATE TABLE `USER` (
  `ID` bigint(20) NOT NULL AUTO_INCREMENT,
  `NAME` text NOT NULL,
  `EMAIL` varchar(255) NOT NULL DEFAULT '',
  `HASH` varchar(64) NOT NULL DEFAULT '',
  `UUID` varchar(64) NOT NULL DEFAULT '',
  PRIMARY KEY (`ID`),
  UNIQUE KEY `EMAIL` (`EMAIL`)
) ENGINE=InnoDB DEFAULT CHARSET=latin1;

LOCK TABLES `USER` WRITE;
/*!40000 ALTER TABLE `USER` DISABLE KEYS */;

INSERT INTO `USER` (`ID`, `NAME`, `EMAIL`, `HASH`, `UUID`)
VALUES
	(1,'TEST_USER1','untrance@gmail.com','',''),
	(2,'TEST_USER2','','',''),
	(17,'PETRO','EMAIL','PASSWORD_HASH','35bbf0a3-4579-4e8a-bf40-9062ff6a3005');

/*!40000 ALTER TABLE `USER` ENABLE KEYS */;
UNLOCK TABLES;


# Dump of table WORKOUT
# ------------------------------------------------------------

DROP TABLE IF EXISTS `WORKOUT`;

CREATE TABLE `WORKOUT` (
  `ID` bigint(20) NOT NULL AUTO_INCREMENT,
  `NAME` text NOT NULL,
  PRIMARY KEY (`ID`)
) ENGINE=InnoDB DEFAULT CHARSET=latin1;

LOCK TABLES `WORKOUT` WRITE;
/*!40000 ALTER TABLE `WORKOUT` DISABLE KEYS */;

INSERT INTO `WORKOUT` (`ID`, `NAME`)
VALUES
	(1,'WORKOUT1'),
	(2,'WORKOUT2'),
	(3,'WORKOUT3'),
	(4,'WORKOUT4');

/*!40000 ALTER TABLE `WORKOUT` ENABLE KEYS */;
UNLOCK TABLES;


# Dump of table WORKOUT_EXERCISE
# ------------------------------------------------------------

DROP TABLE IF EXISTS `WORKOUT_EXERCISE`;

CREATE TABLE `WORKOUT_EXERCISE` (
  `WORKOUT_ID` bigint(20) NOT NULL,
  `EXERCISE_ID` bigint(20) NOT NULL,
  KEY `WE_EXERCISE_FK` (`EXERCISE_ID`),
  KEY `WE_WORKOUT_FK` (`WORKOUT_ID`),
  CONSTRAINT `WE_EXERCISE_FK` FOREIGN KEY (`EXERCISE_ID`) REFERENCES `EXERCISE` (`ID`) ON DELETE NO ACTION ON UPDATE NO ACTION,
  CONSTRAINT `WE_WORKOUT_FK` FOREIGN KEY (`WORKOUT_ID`) REFERENCES `WORKOUT` (`ID`) ON DELETE NO ACTION ON UPDATE NO ACTION
) ENGINE=InnoDB DEFAULT CHARSET=latin1;

LOCK TABLES `WORKOUT_EXERCISE` WRITE;
/*!40000 ALTER TABLE `WORKOUT_EXERCISE` DISABLE KEYS */;

INSERT INTO `WORKOUT_EXERCISE` (`WORKOUT_ID`, `EXERCISE_ID`)
VALUES
	(1,1),
	(1,2),
	(1,3),
	(2,4),
	(2,5);

/*!40000 ALTER TABLE `WORKOUT_EXERCISE` ENABLE KEYS */;
UNLOCK TABLES;


# Dump of table WORKOUT_PROGRAM
# ------------------------------------------------------------

DROP TABLE IF EXISTS `WORKOUT_PROGRAM`;

CREATE TABLE `WORKOUT_PROGRAM` (
  `WORKOUT_ID` bigint(20) NOT NULL,
  `PROGRAM_ID` bigint(20) NOT NULL,
  KEY `WP_PROGRAM_FK` (`PROGRAM_ID`),
  KEY `WP_WORKOUT_FK` (`WORKOUT_ID`),
  CONSTRAINT `WP_PROGRAM_FK` FOREIGN KEY (`PROGRAM_ID`) REFERENCES `PROGRAM` (`ID`) ON DELETE NO ACTION ON UPDATE NO ACTION,
  CONSTRAINT `WP_WORKOUT_FK` FOREIGN KEY (`WORKOUT_ID`) REFERENCES `WORKOUT` (`ID`) ON DELETE NO ACTION ON UPDATE NO ACTION
) ENGINE=InnoDB DEFAULT CHARSET=latin1;

LOCK TABLES `WORKOUT_PROGRAM` WRITE;
/*!40000 ALTER TABLE `WORKOUT_PROGRAM` DISABLE KEYS */;

INSERT INTO `WORKOUT_PROGRAM` (`WORKOUT_ID`, `PROGRAM_ID`)
VALUES
	(1,1),
	(2,1),
	(3,1),
	(4,2);

/*!40000 ALTER TABLE `WORKOUT_PROGRAM` ENABLE KEYS */;
UNLOCK TABLES;



/*!40111 SET SQL_NOTES=@OLD_SQL_NOTES */;
/*!40101 SET SQL_MODE=@OLD_SQL_MODE */;
/*!40014 SET FOREIGN_KEY_CHECKS=@OLD_FOREIGN_KEY_CHECKS */;
/*!40101 SET CHARACTER_SET_CLIENT=@OLD_CHARACTER_SET_CLIENT */;
/*!40101 SET CHARACTER_SET_RESULTS=@OLD_CHARACTER_SET_RESULTS */;
/*!40101 SET COLLATION_CONNECTION=@OLD_COLLATION_CONNECTION */;
